"Timestamp","Email","Name","Sunday Services - Arrivals [9/4 (Holiday)]","Sunday Services - Arrivals [9/11]","Sunday Services - Arrivals [9/18]","Sunday Services - Arrivals [9/25]","Sunday Services - Departures [9/4 (Holiday)]","Sunday Services - Departures [9/11]","Sunday Services - Departures [9/18]","Sunday Services - Departures [9/25]"
"2022/08/18 12:37:22 PM AST","willl3090@gmail.com","Wilson Liou","Not Going","Normal - 8:50 AM","Normal - 8:50 AM","Normal - 8:50 AM","Not Going","After lunch - 12:30 PM","After lunch - 12:30 PM","After lunch - 12:30 PM"
"2022/08/18 12:44:16 PM AST","jyoun127@jhu.edu","Jonathan Young","Not Going","Normal - 8:50 AM","Normal - 8:50 AM","Normal - 8:50 AM","Not Going","After lunch - 12:30 PM","After lunch - 12:30 PM","After lunch - 12:30 PM"
"2022/08/18 1:50:38 PM AST","al22771@gmail.com","Qing Lu","Normal - 8:50 AM","Not Going","Not Going","Not Going","After lunch - 12:30 PM","Not Going","Not Going","Not Going"
"2022/08/18 2:10:06 PM AST","mlee296@jh.edu","Mary Lee","Normal - 8:50 AM","Normal - 8:50 AM","Normal - 8:50 AM","Normal - 8:50 AM","After lunch - 12:30 PM","After lunch - 12:30 PM","After lunch - 12:30 PM","After lunch - 12:30 PM"
"2022/08/19 12:02:47 AM AST","msong03@mica.edu","Mary Song","Normal - 8:50 AM","Normal - 8:50 AM","Normal - 8:50 AM","Normal - 8:50 AM","After lunch - 12:30 PM","After lunch - 12:30 PM","After lunch - 12:30 PM","After lunch - 12:30 PM"
"2022/08/19 12:59:49 PM AST","andrewktruong7@gmail.com","Andrew Truong","Normal - 8:50 AM","Normal - 8:50 AM","Normal - 8:50 AM","Normal - 8:50 AM","After lunch - 12:30 PM","After lunch - 12:30 PM","After lunch - 12:30 PM","After lunch - 12:30 PM"
"2022/08/20 8:52:48 PM AST","iforema1@jhu.edu","Ian Foreman","Not Going","Normal - 8:50 AM","Normal - 8:50 AM","Normal - 8:50 AM","Not Going","After lunch - 12:30 PM","After lunch - 12:30 PM","After lunch - 12:30 PM"
"2022/08/20 9:06:14 PM AST","jcheng59@jhu.edu","Jamie Cheng","Normal - 8:50 AM","Normal - 8:50 AM","Normal - 8:50 AM","Normal - 8:50 AM","After lunch - 12:30 PM","After lunch - 12:30 PM","After lunch - 12:30 PM","After lunch - 12:30 PM"
"2022/08/20 9:58:09 PM AST","aliza.joyce.li@gmail.com","Aliza Li","Early - 8:10 AM","Normal - 8:50 AM","Early - 8:10 AM","Normal - 8:50 AM","After lunch - 12:30 PM","After lunch - 12:30 PM","After lunch - 12:30 PM","After lunch - 12:30 PM"